Workbook

Sheet Start
B2: Välkommen till din BSO-onboarding
B4: Förberedelser inför uppstartsmötet med din Aceve-konsult. Flera superanvändare kan arbeta i filen samtidigt i Excel på webben.
B6: Din progress
B7: =TEXT(J20,"0%")&" klart" -> 0% klart
B8: =REPT("█",ROUND(J20*20,0))&REPT("░",20-ROUND(J20*20,0)) -> ░░░░░░░░░░░░░░░░░░░░
B10: Steg 1 · Superanvändare (minst 2) | C10: =IF(J11,"✅ Klart","⬜ Ej klart ännu") -> ⬜ Ej klart ännu | H10: Beräkning (rör ej)
B11: Steg 2 · Webbinarier | C11: =IF(J12,"✅ Klart","⬜ Ej klart ännu") -> ⬜ Ej klart ännu | J11: =IF('1-2 Användare & webbinarier'!$F$4>=2,TRUE(),FALSE()) -> FALSE
B12: Steg 3 · Ansvarsfördelning | C12: =IF(J13,"✅ Klart","⬜ Ej klart ännu") -> ⬜ Ej klart ännu | J12: =IF(AND(COUNTIF('1-2 Användare & webbinarier'!A23:A30,"?*")>=2,SUM('1-2 Användare & webbinarier'!G23:G30)=COUNTIF('1-2 Användare & webbinarier'!A23:A30,"?*")),TRUE(),FALSE()) -> FALSE
B13: Steg 4 · GI-mall | C13: =IF(J14,"✅ Klart","⬜ Ej klart ännu") -> ⬜ Ej klart ännu | J13: =IF('3-4 Ansvar & GI-mall'!$C$6="✓",TRUE(),FALSE()) -> FALSE
J14: =IF(AND(COUNTIF('3-4 Ansvar & GI-mall'!C14:C24,"Ja")>0,COUNTIFS('3-4 Ansvar & GI-mall'!C14:C24,"Ja",'3-4 Ansvar & GI-mall'!D14:D24,"✓")=COUNTIF('3-4 Ansvar & GI-mall'!C14:C24,"Ja")),TRUE(),FALSE()) -> FALSE
B16: =IF(AND(J11,J12,J13,J14),HYPERLINK("mailto:"&$C$23&"?subject=BSO-onboarding klar - "&$C$21,"✅ Boka uppstartsmöte – klicka för att maila din konsult"),"🔒 Slutför alla fyra steg för att låsa upp bokningen") -> 🔒 Slutför alla fyra steg för att låsa upp bokningen
B18: Glöm inte att bifoga den ifyllda GI-mallen i mailet.
B20: Konsultens uppgifter · fylls i av Aceve innan filen delas | J20: =(--J11+--J12+--J13+--J14)/4 -> 0
B21: Kundnamn | C21: %%KUNDNAMN%%
B22: Konsult | C22: %%KONSULT%%
B23: Konsultens e-post | C23: %%KONSULT_EPOST%%
B24: Länk till ansvarsfördelning | C24: %%LANK_ANSVAR%%
B25: Länk till GI-mall | C25: %%LANK_GI%%
B27: Aceve · BSO → Next Project · Strictly confidential – only for internal use

Sheet 1-2 Användare & webbinarier
A1: Steg 1 · Superanvändare
A2: Lägg till minst 2 personer som ska vara superanvändare i Next. E-posten används för webbinarie-inbjudan.
A4: Förnamn | B4: Efternamn | C4: E-post | D4: Roll (valfritt) | F4: =SUMPRODUCT(--(A5:A12<>""),--(B5:B12<>""),--(ISNUMBER(SEARCH("@",C5:C12)))) -> 0
A15: Steg 2 · Webbinarier
A16: Alla superanvändare ska gå alla tre webbinarier. Klicka på länken för att anmäla, välj ✓ när genomfört.
A18: =HYPERLINK("https://helpdesk.next-tech.com/hc/sv/articles/24122929562524-Webinar-Ny-i-Next-2025-12-02","▶ 1. Ny i Next") -> ▶ 1. Ny i Next
A19: =HYPERLINK("https://helpdesk.next-tech.com/hc/sv/articles/22232333563676-Webinar-Grundl%C3%A4ggande-ekonomifl%C3%B6de-i-Next-2025-09-09","▶ 2. Grundläggande ekonomiflöde i Next") -> ▶ 2. Grundläggande ekonomiflöde i Next
A20: =HYPERLINK("https://helpdesk.next-tech.com/hc/sv/articles/26692106514716-Webinar-Budget-ink%C3%B6p-och-prognos-2026-04-09","▶ 3. Budget, inköp och prognos") -> ▶ 3. Budget, inköp och prognos
A22: Superanvändare | B22: 1. Ny i Next | C22: 2. Ekonomiflöde | D22: 3. Budget/inköp | E22: Status | G22: =A23&IF(A24="","",", "&A24)&IF(A25="","",", "&A25)&IF(A26="","",", "&A26)&IF(A27="","",", "&A27)&IF(A28="","",", "&A28)&IF(A29="","",", "&A29)&IF(A30="","",", "&A30)
A23: =IF('1-2 Användare & webbinarier'!B5="","",'1-2 Användare & webbinarier'!B5&" "&'1-2 Användare & webbinarier'!C5) | E23: =IF(A23="","",IF(COUNTIF(B23:D23,"✓")=3,"✅ Klar","Pågår")) | G23: =IF(A23="","",IF(COUNTIF(B23:D23,"✓")=3,1,0))
A24: =IF('1-2 Användare & webbinarier'!B6="","",'1-2 Användare & webbinarier'!B6&" "&'1-2 Användare & webbinarier'!C6) | E24: =IF(A24="","",IF(COUNTIF(B24:D24,"✓")=3,"✅ Klar","Pågår")) | G24: =IF(A24="","",IF(COUNTIF(B24:D24,"✓")=3,1,0))
A25: =IF('1-2 Användare & webbinarier'!B7="","",'1-2 Användare & webbinarier'!B7&" "&'1-2 Användare & webbinarier'!C7) | E25: =IF(A25="","",IF(COUNTIF(B25:D25,"✓")=3,"✅ Klar","Pågår")) | G25: =IF(A25="","",IF(COUNTIF(B25:D25,"✓")=3,1,0))
A26: =IF('1-2 Användare & webbinarier'!B8="","",'1-2 Användare & webbinarier'!B8&" "&'1-2 Användare & webbinarier'!C8) | E26: =IF(A26="","",IF(COUNTIF(B26:D26,"✓")=3,"✅ Klar","Pågår")) | G26: =IF(A26="","",IF(COUNTIF(B26:D26,"✓")=3,1,0))
A27: =IF('1-2 Användare & webbinarier'!B9="","",'1-2 Användare & webbinarier'!B9&" "&'1-2 Användare & webbinarier'!C9) | E27: =IF(A27="","",IF(COUNTIF(B27:D27,"✓")=3,"✅ Klar","Pågår")) | G27: =IF(A27="","",IF(COUNTIF(B27:D27,"✓")=3,1,0))
A28: =IF('1-2 Användare & webbinarier'!B10="","",'1-2 Användare & webbinarier'!B10&" "&'1-2 Användare & webbinarier'!C10) | E28: =IF(A28="","",IF(COUNTIF(B28:D28,"✓")=3,"✅ Klar","Pågår")) | G28: =IF(A28="","",IF(COUNTIF(B28:D28,"✓")=3,1,0))
A29: =IF('1-2 Användare & webbinarier'!B11="","",'1-2 Användare & webbinarier'!B11&" "&'1-2 Användare & webbinarier'!C11) | E29: =IF(A29="","",IF(COUNTIF(B29:D29,"✓")=3,"✅ Klar","Pågår")) | G29: =IF(A29="","",IF(COUNTIF(B29:D29,"✓")=3,1,0))
A30: =IF('1-2 Användare & webbinarier'!B12="","",'1-2 Användare & webbinarier'!B12&" "&'1-2 Användare & webbinarier'!C12) | E30: =IF(A30="","",IF(COUNTIF(B30:D30,"✓")=3,"✅ Klar","Pågår")) | G30: =IF(A30="","",IF(COUNTIF(B30:D30,"✓")=3,1,0))

Sheet 3-4 Ansvar & GI-mall
B1: Steg 3 · Ansvarsfördelning
B2: Läs igenom dokumentet som beskriver vad Aceve respektive ni som kund ansvarar för under och efter migreringen. Bekräfta sedan att ni läst och förstått.
B5: Dokument | C5: =IF(Start!$C$24="%%LANK_ANSVAR%%","(länk fylls i av konsulten)",HYPERLINK(Start!$C$24,"Öppna ansvarsfördelningen")) -> (länk fylls i av konsulten)
B6: Vi har läst och förstår ansvarsfördelningen
B8: Steg 4 · GI-mall
B9: Fyll i flikarna i GI-mallen (Excel-filen ni fått av konsulten). Sätt Status = ✓ när en flik är klar, eller – om den inte är aktuell för er. Obligatoriska flikar måste vara ✓ för att steget ska räknas som klart.
B11: =IF(Start!$C$25="%%LANK_GI%%","(GI-länk fylls i av konsulten)",HYPERLINK(Start!$C$25,"▶ Öppna GI-mallen")) -> (GI-länk fylls i av konsulten)
B13: GI-mall flik | C13: Obligatorisk? | D13: Status
B14: Läs detta först! | C14: Ja
B15: Företag | C15: Ja
B16: Timpriser | C16: Ja
B17: Prislista | C17: Ja
B18: Projekttyper | C18: Ja
B19: Användarregister | C19: Ja
B20: Betalningsvillkor | C20: Ja
B21: Skattereduktion | C21: Nej
B22: Lönetillägg | C22: Nej
B23: Frånvaro | C23: Nej
B24: Påslagsmall | C24: Nej
B26: =COUNTIFS(C14:C24,"Ja",D14:D24,"✓")&" / "&COUNTIF(C14:C24,"Ja")&" obligatoriska flikar klara" -> 0 / 7 obligatoriska flikar klara
B27: =COUNTIF(D14:D24,"✓")&" flikar markerade som klara totalt (ju fler desto bättre)" -> 0 flikar markerade som klara totalt (ju fler desto bättre)
